status,title,slug,animal,category,excerpt,body,sources,faq,image_url,featured,author,cms_id,synced_at,sync_error
"ตัวอย่าง (ลบทิ้งได้)","หมาเห่าคนแปลกหน้า รับมือยังไง","","dog","behavior","เห่าเป็นการสื่อสารตามธรรมชาติ แต่ถ้าเรื้อรังก็กวนใจได้ บทความนี้รวมสาเหตุและเทคนิคฝึกเชิงบวก","เสียงเห่าเป็นเครื่องมือสื่อสารสำคัญของสุนัข แต่เมื่อเกิดขึ้นอย่างไร้การควบคุมก็สร้างความตึงเครียดได้ การแก้ปัญหาต้องเริ่มจากเข้าใจว่าสุนัขต้องการสื่อสารอะไร

เทคนิคฝึกคำสั่ง ""เงียบ"": ปล่อยให้เห่าเตือน 2-3 ครั้ง แล้วพูดคำสั่งด้วยน้ำเสียงราบเรียบ จ่อขนมที่จมูก รอให้เงียบ 3-5 วินาทีแล้วให้รางวัล","AKC - How to Stop Your Dog From Barking | https://www.akc.org/expert-advice/training/how-to-stop-dog-barking/
VCA - Dog Behavior Problems Barking | https://vcahospitals.com/know-your-pet/dog-behavior-problems-barking","หมาเห่ากลางคืนบ่อย ทำยังไง | ลองเพิ่มการออกกำลังกายช่วงเย็นและลดสิ่งเร้า ถ้าไม่ดีขึ้นปรึกษาสัตวแพทย์","https://example.com/path/to/hero-image.jpg","FALSE","","","",""
"ตัวอย่าง (ลบทิ้งได้)","แมวไม่กินอาหาร เริ่มเช็กจากอะไร","","cat","health","แมวไม่กินข้าวเกิน 24 ชม. อาจเสี่ยงตับเป็นไขมัน วิธีเช็กสาเหตุและสัญญาณที่ควรพาไปหาหมอ","แมวที่ไม่กินอาหารเกิน 24-48 ชั่วโมงเสี่ยงโรคตับเป็นไขมันซึ่งอันตรายถึงชีวิต ต่างจากสุนัขที่อดได้นานกว่า

สาเหตุที่พบบ่อย: อาหารเปลี่ยน บรรยากาศบ้านเปลี่ยน เครียด ปวดฟัน หรือป่วย ลองเปลี่ยนกลับเป็นอาหารเดิม ถ้ายังไม่กินใน 24 ชั่วโมงควรพาไปหาหมอ","Cornell Feline Health Center | https://www.vet.cornell.edu/departments-centers-and-institutes/cornell-feline-health-center
ICatCare - Anorexia in Cats | https://icatcare.org/","แมวไม่กินกี่ชั่วโมงควรกังวล | เกิน 24 ชม. เริ่มเฝ้าใกล้ชิด เกิน 48 ชม. ต้องพาไปสัตวแพทย์ทันที","","TRUE","","","",""
"Draft","","","","","","","","","","FALSE","","","",""
